{
  "evaluation_results": {
    "overall": {
      "accuracy": 0.55,
      "precision": 0.625,
      "recall": 0.45454545454545453,
      "f1": 0.5263157894736842
    }
  },
  "component_execution_times": {}
}