{
  "metrics": {
    "accuracy": 0.92,
    "f1": 0.88
  },
  "analysis": {
    "confusion_matrix": [
      [
        10,
        1
      ],
      [
        2,
        8
      ]
    ]
  },
  "component_execution_times": {
    "data_loading": 0.0020236968994140625,
    "data_preprocessing": 0.0010118484497070312,
    "feature_engineering": 0.0030121803283691406,
    "data_splitting": 0.0029993057250976562,
    "model_building": 0.0009982585906982422,
    "model_training": 0.09462285041809082,
    "model_evaluation": 0.014430522918701172
  }
}