{
  "metrics": {
    "accuracy": 0.92,
    "f1": 0.88
  },
  "analysis": {
    "confusion_matrix": [
      [
        10,
        1
      ],
      [
        2,
        8
      ]
    ]
  },
  "component_execution_times": {
    "data_loading": 0.2120344638824463,
    "data_preprocessing": 0.0,
    "feature_engineering": 0.0021097660064697266,
    "data_splitting": 0.001997232437133789,
    "model_building": 0.0007796287536621094,
    "model_training": 0.09107542037963867,
    "model_evaluation": 0.008891105651855469
  }
}